<?xml version="1.0" encoding="UTF-8"?>
<beans xmlns="http://www.springframework.org/schema/beans"
	xmlns:xsi="http://www.w3.org/2001/XMLSchema-instance"
	xmlns:context="http://www.springframework.org/schema/context"
	xmlns:mvc="http://www.springframework.org/schema/mvc"
	xsi:schemaLocation="http://www.springframework.org/schema/mvc http://www.springframework.org/schema/mvc/spring-mvc-4.3.xsd
		http://www.springframework.org/schema/beans https://www.springframework.org/schema/beans/spring-beans.xsd
		http://www.springframework.org/schema/context http://www.springframework.org/schema/context/spring-context-4.3.xsd">
	
	<mvc:annotation-driven />
	<mvc:default-servlet-handler/>
	
	<!-- /WEB-INF/images 및  /WEB-INF/js , /WEB-INF/css 접근하기 위한 방버-->
	<mvc:resources location="/WEB-INF/images/" mapping="/images/**"></mvc:resources>
	<mvc:resources location="/WEB-INF/js/" mapping="/js/**"></mvc:resources>
	<mvc:resources location="/WEB-INF/css/" mapping="/css/**"></mvc:resources>

	<!-- 요청시 DB 연동없이  바로 jsp로 요청하는 경우 -->
	<mvc:view-controller path="/writeForm" view-name="write"/>
	
	<!-- JSP 전담 ViewResolver -->
	<bean class="org.springframework.web.servlet.view.InternalResourceViewResolver">
	  <property name="prefix" value="/WEB-INF/views/" />
	  <property name="suffix" value=".jsp" />
	</bean>
	
	<context:component-scan base-package="com.*"></context:component-scan>
		
</beans>
