<?xml version="1.0" encoding="UTF-8" ?>
<!DOCTYPE mapper
  PUBLIC "-//mybatis.org//DTD Mapper 3.0//EN"
  "https://mybatis.org/dtd/mybatis-3-mapper.dtd">
<mapper namespace="com.config.DeptMapper">

  <select id="deptAll" resultType="DeptDTO">
    select deptno, dname, loc 
    from dept
    order by deptno
  </select>

  <select id="deptAllDesc" resultType="DeptDTO">
    select deptno, dname, loc 
    from dept
    order by deptno desc
  </select>
  
  <insert id="write" parameterType="DeptDTO">
  	  insert into dept ( deptno, dname, loc)
      values( #{deptno}, #{dname}, #{loc})
  </insert>
  
  <select id="retrieve" resultType="DeptDTO" parameterType="int">
    select deptno, dname, loc 
    from dept
    where deptno = #{deptno}
  </select>
   
  <update id="update" parameterType="DeptDTO">
      update dept
      set dname =#{dname}, loc=#{loc}
      where deptno=#{deptno}
  </update> 
  
  <delete id="delete" parameterType="int">
    delet from dept
    where deptno = #{deptno}
  </delete>
  
  <select id="list" resultType="DeptDTO" 
  parameterType="hashmap">
    select deptno, dname, loc 
    from dept
    <if test="searchName =='dname'">
       where dname LIKE concat('%', #{searchValue}, '%')
    </if>
    <if test="searchName !='dname'">
       where loc LIKE concat('%', #{searchValue}, '%')
    </if>
    
    order by deptno
  </select>
</mapper>




