<!DOCTYPE mapper
    PUBLIC "-//mybatis.org//DTD Mapper 3.0//EN"
    "http://mybatis.org/dtd/mybatis-3-mapper.dtd">

<mapper namespace="NoticeMapper">
   <delete id="noticeDelete" parameterType="int">
     delete from notice
     where no = #{no}
   </delete>
   <update id="noticeUpdate" parameterType="Notice">
   	 update notice
   	 set title=#{title}   , author = #{author}, content = #{content}
   	 where no = #{no}
   </update>
   <insert id="noticeWrite" parameterType="Notice">
    insert into notice (title,author,content)
    values ( #{title},#{author},#{content})
   </insert>
 
   <select id="selectAll"  resultType="Notice" parameterType="map">
     select no, title, author, content, 
     		date_format(writeday, '%Y/%m/%d') as writeday,
     	    readcnt
     from notice
      <if test="searchName == 'title'">
	     where title LIKE CONCAT('%',#{searchValue},'%')
	   </if>
	   <if test="searchName == 'author'">
	     where author LIKE CONCAT('%',#{searchValue},'%')
	   </if>
     order by no desc
   </select>
   
   <update id="readCnt" parameterType="int">
      update notice
      set readcnt = readcnt + 1
      where no = #{no}
   </update>
   <select id="selectByNo"  resultType="Notice" parameterType="int">
     select no, title, author, content, 
     		date_format(writeday, '%Y/%m/%d') as writeday,
     	    readcnt
     from notice
     where no = #{no}
   </select>
</mapper>


