<?xml version="1.0" encoding="UTF-8"?>
<beans xmlns="http://www.springframework.org/schema/beans"
	xmlns:xsi="http://www.w3.org/2001/XMLSchema-instance"
	xmlns:context="http://www.springframework.org/schema/context"
	xsi:schemaLocation="http://www.springframework.org/schema/beans https://www.springframework.org/schema/beans/spring-beans.xsd
		http://www.springframework.org/schema/context http://www.springframework.org/schema/context/spring-context-3.1.xsd">
	
	<!-- Root Context: defines shared resources visible to all other web components -->
		<!-- //////////////////////////////////////// -->
  <!-- 1. jdbc.properties 등록 -->
  <context:property-placeholder
   location="classpath:com/config/jdbc.properties"/>
  
  <!-- 2. DBCP2 -->
   <bean id="dataSource" class="org.apache.commons.dbcp2.BasicDataSource" destroy-method="close">
        <property name="driverClassName" value="${jdbc.driver}"/>
        <property name="url" value="${jdbc.url}"/>
        <property name="username" value="${jdbc.userid}"/>
        <property name="password" value="${jdbc.passwd}"/>
    </bean>
    
    
<!--    <mybatis-spring:scan base-package="com.config"/> -->

	<bean id="mySessionFactory"
		class="org.mybatis.spring.SqlSessionFactoryBean">
		<property name="mapperLocations">
			<list>
				    <value>classpath:com/config/NoticeMapper.xml</value>
			</list>
		</property>
		<property name="typeAliases">
			<list>
				<value>com.dto.Notice</value>
			</list>
		</property>
		<property name="dataSource" ref="dataSource" />
	</bean>
  <!-- 4. SqlSessionTemplate ==> SqlSession 기능 -->  
  <bean id="mySessionTemplate"  class="org.mybatis.spring.SqlSessionTemplate">
     <constructor-arg name="sqlSessionFactory"  ref="mySessionFactory" />
  </bean>
 <!-- //////////////////////////////////////// -->
		
</beans>
