<?xml version="1.0" encoding="UTF-8"?>
<beans xmlns="http://www.springframework.org/schema/beans"
	xmlns:xsi="http://www.w3.org/2001/XMLSchema-instance"
	xmlns:context="http://www.springframework.org/schema/context"
	xmlns:mvc="http://www.springframework.org/schema/mvc"
	xsi:schemaLocation="http://www.springframework.org/schema/mvc http://www.springframework.org/schema/mvc/spring-mvc-4.3.xsd
		http://www.springframework.org/schema/beans https://www.springframework.org/schema/beans/spring-beans.xsd
		http://www.springframework.org/schema/context http://www.springframework.org/schema/context/spring-context-4.3.xsd">
	
	<mvc:annotation-driven />
	<mvc:default-servlet-handler/>
	
	<!-- 파일업로드 위한 multipartResolver -->
	<bean id="multipartResolver" class="org.springframework.web.multipart.commons.CommonsMultipartResolver">
	   <property name="defaultEncoding" value="utf-8" />
	</bean>
	
	<bean class="org.springframework.web.servlet.view.InternalResourceViewResolver">
	  <property name="prefix" value="/WEB-INF/views/" />
	  <property name="suffix" value=".jsp" />
	</bean>
		
	<context:component-scan base-package="com.*"></context:component-scan>	
</beans>
