<?xml version="1.0" encoding="UTF-8" ?>
<!DOCTYPE mapper
PUBLIC "-//mybatis.org//DTD Mapper 3.0//EN"
"http://mybatis.org/dtd/mybatis-3-mapper.dtd">
<mapper namespace="CartMapper">

	 <insert id="orderAllDone" parameterType="arraylist" >
	 
	    insert into orderInfo (num,userid,gCode,gName,gPrice,gSize,gColor,gAmount,
		gImage,orderName,post,addr1,addr2,phone,payMethod)

		values
	 	<foreach open="(" separator="),(" close=")" item="order" collection="list">
		nextval(orderInfo_seq), #{order.userid},#{order.gCode},#{order.gName},#{order.gPrice},
		#{order.gSize},#{order.gColor},#{order.gAmount},
		#{order.gImage},#{order.orderName},#{order.post},#{order.addr1},#{order.addr2},#{order.phone},#{order.payMethod}
		</foreach>
	 </insert>
 
	<select id="orderAllConfirm" parameterType="arraylist"
		resultType="CartDTO">
		select num,userid,gCode,gPrice,gSize,gColor,gAmount,gName,gImage
		from cart
		where num IN (
			<foreach separator="," item="num" collection="list">
			#{num}
			</foreach>
		)
	</select>


	<insert id="orderDone" parameterType="OrderDTO">
		insert into orderInfo (num,userid,gCode,gName,gPrice,gSize,gColor,gAmount,
		gImage,orderName,post,addr1,addr2,phone,payMethod)

		values(nextval(orderInfo_seq), #{userid},#{gCode},#{gName},#{gPrice},
		#{gSize},#{gColor},#{gAmount},
		#{gImage},#{orderName},#{post},#{addr1},#{addr2},#{phone},#{payMethod}
		)
	</insert>
	<select id="cartbyNum" parameterType="string"
		resultType="CartDTO">
		select num,userid,gCode,gPrice,gSize,gColor,gAmount,gName,gImage
		from cart
		where num = #{num}
	</select>


	<delete id="cartAllDel" parameterType="arraylist">
		 DELETE FROM cart
		 <where>
		 	<foreach open="num IN (" separator="," close=")" item="num" collection="list">
		 	#{num}
		 	</foreach>
		 </where>
	</delete>

	<delete id="cartDel" parameterType="int">
		delete
		from cart
		where num =
		#{num}
	</delete>

	<update id="cartUpdate" parameterType="hashmap">
		update cart
		set gAmount =
		#{gAmount}
		where num = #{num}
	</update>
	<insert id="cartAdd" parameterType="CartDTO">
		insert into cart
		(num,userid,gCode,gPrice,gSize,gColor,gAmount,gName,gImage)
		values
		(nextval(cart_seq),#{userid},#{gCode},#{gPrice},
		#{gSize},#{gColor},#{gAmount},#{gName},#{gImage})
	</insert>
	<select id="cartList" parameterType="string"
		resultType="CartDTO">
		select
		num,userid,gCode,gPrice,gSize,gColor,gAmount,gName,gImage
		from cart
		where userid = #{userid}
	</select>
</mapper>