<?xml version="1.0" encoding="UTF-8" ?>
<!DOCTYPE mapper
PUBLIC "-//mybatis.org//DTD Mapper 3.0//EN"
"http://mybatis.org/dtd/mybatis-3-mapper.dtd">
<mapper namespace="MemberMapper">

    <select id="login" parameterType="map" resultType="MemberDto">
    	SELECT *
    	FROM member
    	WHERE userid = #{userid} AND passwd = #{passwd}
	</select>
	
   <select id="idCheck" parameterType="string" resultType="int">
     SELECT COUNT(userid)
     FROM member
     WHERE userid = #{userid}
	</select>
	
	<insert id="memberAdd" parameterType="MemberDto">
    INSERT INTO member(userid, passwd, username, post, addr1, addr2,
    					phone1, phone2, phone3, email1, email2)
    VALUES(#{userid}, #{passwd}, #{username}, #{post}, #{addr1}, #{addr2},
    		#{phone1}, #{phone2}, #{phone3}, #{email1}, #{email2});
   </insert>
   
   <select id="mypage" parameterType="string" resultType="MemberDto">
	SELECT *
	FROM member
	WHERE userid = #{userid}
   </select>
   
   <update id="updateMember" parameterType="MemberDto">
	UPDATE member
	SET passwd = #{passwd}, post = #{post}, addr1 = #{addr1}, addr2 = #{addr2},
		phone1 = #{phone1}, phone2 = #{phone2}, phone3 = #{phone3}, email1 = #{email1}, email2 = #{email2}
	WHERE userid = #{userid}
   </update>
</mapper>