<?xml version="1.0" encoding="UTF-8"?>
<beans xmlns="http://www.springframework.org/schema/beans"
	xmlns:xsi="http://www.w3.org/2001/XMLSchema-instance"
	xmlns:context="http://www.springframework.org/schema/context"
	xsi:schemaLocation="http://www.springframework.org/schema/beans https://www.springframework.org/schema/beans/spring-beans.xsd
		http://www.springframework.org/schema/context http://www.springframework.org/schema/context/spring-context-4.3.xsd">
	
	<!-- Root Context: defines shared resources visible to all other web components -->
	<!--  mybatis 설정 -->
    <!-- properties 파일 설정 -->
	<context:property-placeholder location="classpath:com/config/jdbc.properties"/>
	
	<!-- 4가지 정보 이용한 DB연결 -->
	<bean id="dataSource" class="org.apache.commons.dbcp2.BasicDataSource">
		<property name="driverClassName" value="${jdbc.driver}" />
		<property name="url"      value="${jdbc.url}"></property>
		<property name="username" value="${jdbc.username}"></property>
		<property name="password" value="${jdbc.password}"></property>
	</bean>
	
	<!-- SqlSessonFactory역할의 SqlSessionFactoryBean 등록 -->
	<bean id="factory" class="org.mybatis.spring.SqlSessionFactoryBean">
		<property name="dataSource" ref="dataSource" />
		
		<property name="mapperLocations" >
		  <list>
		    <value>classpath:com/config/BoardMapper.xml</value>
		  </list>
		</property>
		<property name="typeAliases">
		   <list>
		    <value>com.dto.BoardDTO</value>
		   </list>
		</property>
	</bean>
	<!--  SqlSession 역할의  SqlSessionTemplate  등록 -->
	<bean id="sqlSession" class="org.mybatis.spring.SqlSessionTemplate">
	 <constructor-arg name="sqlSessionFactory" ref="factory" />
	</bean>
 <!--  mybatis 설정 -->
		
</beans>
