<?xml version="1.0" encoding="UTF-8" ?>
<!DOCTYPE configuration
  PUBLIC "-//mybatis.org//DTD Config 3.0//EN"
  "https://mybatis.org/dtd/mybatis-3-config.dtd">
<configuration>
  
  <typeAliases>
    <typeAlias type="com.dto.DeptDTO" alias="DeptDTO"/>
  </typeAliases>

  <environments default="development">
    <environment id="development">
      <transactionManager type="JDBC"/>
      <dataSource type="POOLED">
        <property name="driver" value="org.mariadb.jdbc.Driver"/>
        <property name="url" value="jdbc:mariadb://localhost:3306/ktds"/>
        <property name="username" value="root"/>
        <property name="password" value="1234"/>
      </dataSource>
    </environment>
  </environments>
  <mappers>
    <mapper resource="com/config/DeptMapper.xml"/>
  </mappers>
</configuration>